Effective Date,Index Name,Action,Company Name,Ticker,GICS Sector,Market,Release date,sector_stock,sector_performance_1week,sector_performance_5week,sector_performance_20week,index_performance_1week,index_performance_5week,index_performance_20week,company_performance_1week,company_performance_5week,company_performance_20week,market_performance_1week,index_stock,market_performance_5week,market_performance_20week,twentyfour_hr_post_release%change,twentyfour_hr_post_effect%change,market_cap,2week_volume_avg,10week_sum_dividens,10week_sum_dividends,10weeks_sum_dividends,20week_avg_vol
2022-04-07,S&P SmallCap 600,Addition,Arcus Biosciences,RCUS,Health Care,"NEW YORK, ",2022-04-04,XLV,0.9230728987809066,7.248513163649381,3.4303460405908472,0.3222452725657164,2.1848487446972555,-8.612251035308663,-10.013914359995148,-10.486997729758988,-15.336301362888236,na,^SP600,na,na,8.139868736800535,-0.9982388105671366,970,826160,0,0,0.0,729809
2022-04-26,S&P SmallCap 600,Addition,A10 Networks,ATEN,Information Technology,"NEW YORK, ",2022-04-21,XLK,0.4984921553304554,0.9324294515965952,-7.948116805636823,2.0721743565676465,0.7143180193441626,-0.3762906512512506,2.3969977334110704,2.397008351823933,-6.963093876786281,na,^SP600,na,na,9.145881179240318,-0.4807736708868719,970,526033,0,0,0.05,821710
2022-05-03,S&P MidCap 400,Addition,Inari Medical,NARI,Health Care,"NEW YORK, ",2022-04-28,XLV,-5.566223536676911,-1.26356721989663,0.0721654150300893,-6.652534664115475,-5.3085787381589,-10.4731298214517,-15.861706023520613,-7.247567196519056,-5.8900577388286885,na,^SP400,na,na,6.119228393998852,4.89395630192373,2280,426633,0,0,0.0,470276
2022-05-03,S&P SmallCap 600,Addition,Tri Pointe Homes,TPH,Consumer Discretionary,"NEW YORK, ",2022-04-28,XLY,-8.718475055405284,-6.903716632373986,-17.13478732009267,-6.920690378121277,-6.476115177604638,-11.791457898064296,-10.526320843269804,-6.548761157921081,-28.01914820730998,na,^SP600,na,na,2.477700656286708,4.917262100639291,970,1262944,0,0,0.0,1297266
2022-08-04,S&P SmallCap 600,Addition,AdaptHealth,AHCO,Health Care,"NEW YORK, ",2022-08-01,XLV,1.3315002433254508,1.904026218142861,2.037434208743739,3.924885978284221,6.565816960513292,-4.007957561696453,4.129097540742307,15.291643417828308,41.63977313263609,na,^SP600,na,na,8.202599585444476,0.5917144626156288,970,739920,0,0,0.0,1043730
2022-08-10,S&P MidCap 400,Addition,Celsius Holdings,CELH,Consumer Staples,"NEW YORK, ",2022-08-04,XLP,1.622950920119065,4.71013451942339,3.522493766294158,2.699247533444152,9.524732205967991,-5.611002792564099,25.68958995459756,66.28034566355839,113.79379479494312,na,^SP400,na,na,-9.068175747745755,0.4674220626423128,2280,1455380,0,0,0.0,1040444
2022-08-10,S&P SmallCap 600,Addition,Clearfield,CLFD,Information Technology,"NEW YORK, ",2022-08-04,XLK,4.690511554673142,15.346496754470364,-1.857186791834385,2.1988951739822022,10.991384406886938,-5.21978221391963,22.23138944060483,76.17592303496774,66.02655979084545,na,^SP600,na,na,7.849800270648817,-0.9432396480953305,970,320090,0,0,0.0,161576
2021-08-30,S&P 500,Addition,Bio-Techne,TECH,Health Care,"NEW YORK, ",2021-08-24,XLV,0.971457712031302,6.641611214252092,16.48175966006119,0.4993093993689501,5.141486294418568,10.031230653064195,1.1135064458318729,5.606312944847739,21.47884309890121,na,^GSPC,na,na,1.5900386917078877,-1.2327563030934126,36650,523720,0,0,0.16,891371
2021-08-30,S&P MidCap 400,Addition,Saia,SAIA,Industrials,"NEW YORK, ",2021-08-24,XLI,-1.0121213492500545,3.587129402601733,4.091509218632492,-0.9468637384259466,4.976992080193418,1.276182561027828,4.053058235012755,31.21782699071513,7.5200278841330865,na,^SP400,na,na,-5.206001153790914,-1.8916447654578312,2280,208630,0,0,0.0,210059
2021-08-30,S&P MidCap 400,Addition,Option Care Health,OPCH,Health Care,"NEW YORK, ",2021-08-24,XLV,0.9714692330138174,6.64159248362898,16.48175966006119,-0.9468637384259466,4.976992080193418,1.276182561027828,12.639401744869437,20.77728021774376,30.18259225876676,na,^SP400,na,na,6.788076986780716,1.7497111770771092,2280,938890,0,0,0.0,1230735
2021-08-30,S&P SmallCap 600,Addition,BioLife Solutions,BLFS,Health Care,"NEW YORK, ",2021-08-24,XLV,0.971457712031302,6.64159248362898,16.481780879038713,0.3669770565516388,4.939466678188084,-0.4420173482423276,3.809517935497738,6.401815536132112,31.50953909807882,na,^SP600,na,na,20.017239702803767,0.0857619857887802,970,221450,0,0,0.0,248858
2021-08-30,S&P SmallCap 600,Addition,Cinemark Holdings,CNK,Communication Services,"NEW YORK, ",2021-08-24,XLC,1.3528011881301856,5.018777734345163,10.417509250480364,0.3669770565516388,4.939466678188084,-0.4420173482423276,9.507285913019077,1.8064498901367188,-31.151833854955456,na,^SP600,na,na,5.838512495561861,4.711432072888128,970,3317700,0,0,0.0,3276614
2021-08-30,S&P SmallCap 600,Addition,Trustmark,TRMK,Financials,"NEW YORK, ",2021-08-24,XLF,-0.3924478525206567,8.554321422813809,10.273521997070889,0.3669770565516388,4.939466678188084,-0.4420173482423276,0.2629859968526907,3.6005409314526142,-10.231574799812488,na,^SP600,na,na,8.68996992607887,-0.0316462935478319,970,137840,0,0,0.23,199253
2022-09-01,S&P SmallCap 600,Addition,Avid Technology,AVID,Information Technology,"NEW YORK, ",2022-08-29,XLK,-5.284425934878084,0.8821709426438777,-7.820878693408239,-3.195197464949344,2.584307199223717,-4.080127393089724,-7.677543411036498,-13.61350896104446,-29.035114575993408,na,^SP600,na,na,12.106135881820936,-0.0378653121530246,970,326260,0,0,0.0,336496
2021-09-03,S&P MidCap 400,Addition,Performance Food Group,PFGC,Consumer Staples,"NEW YORK, ",2021-08-30,XLP,-1.332941666197531,0.7153848023365615,4.718683243661641,3.415598313214492,3.5289653577976354,3.6150277233063184,14.368612728903964,9.440248682332232,-14.550814103106518,na,^SP400,na,na,4.866328246406493,0.0,2280,2051470,0,0,0.0,1497562
2021-09-03,S&P SmallCap 600,Addition,TreeHouse Foods,THS,Consumer Staples,"NEW YORK, ",2021-08-30,XLP,-1.3329524542623568,0.7153848023365615,4.718718887643181,3.8564778472192383,4.291223461392572,3.1133976860396886,-0.9473395329339434,-22.17600919535776,-30.47135049009496,na,^SP600,na,na,6.207490128064841,0.0,970,1028100,0,0,0.0,672175
2021-09-07,S&P MidCap 400,Addition,Digital Turbine,APPS,Information Technology,"NEW YORK, ",2021-08-30,XLK,1.4857438035348414,2.8158012574883124,12.44457561636358,3.415598313214492,3.5289653577976354,3.6150277233063184,7.618853935384827,-17.286070481832475,-38.96058773241169,na,^SP400,na,na,13.982063483467364,-3.914481456649424,2280,3454930,0,0,0.0,3088427
2021-09-07,S&P SmallCap 600,Addition,Ligand Pharmaceuticals,LGND,Health Care,"NEW YORK, ",2021-08-30,XLV,-1.7314287725155189,2.5932397411179022,14.650107221023566,3.8564778472192383,4.291223461392572,3.1133976860396886,9.569602817609312,-5.447821054474291,-24.672685928443123,na,^SP600,na,na,8.978584340096031,3.7678568344457313,970,338746,0,0,0.0,241742
2021-12-14,S&P 500,Addition,EPAM Systems,EPAM,Information Technology,"NEW YORK, ",2021-12-07,XLK,0.306787768070078,5.269036810157814,14.33111279838062,-0.1784340317062658,0.4038369538066832,8.60142794259151,-5.801348416892488,-9.337799287428972,10.584211734414504,na,^GSPC,na,na,17.741389382911674,-2.129295162821469,36650,345755,0,0,0.0,274526
2022-12-19,S&P 500,Addition,First Solar,FSLR,Information Technology,"NEW YORK, ",2022-12-12,XLK,-2.38238115570026,8.18481096864734,-4.167598546267436,-2.782068694759088,4.1944523585109135,-0.6664598568703013,-10.851187933058966,-3.268098881840129,107.17941952645828,na,^GSPC,na,na,4.550895674656228,-0.0892910234347332,36650,3004770,0,0,0.0,3068065
2021-12-20,S&P MidCap 400,Addition,Alcoa,AA,Materials,"NEW YORK, ",2021-12-13,XLB,2.413831585736459,-0.5969879418709392,8.1848000693701,2.875506021206247,-4.31205754340307,4.007127444030135,9.572585215322924,0.0406521557755865,31.2250397852844,na,^SP400,na,na,5.609042221945447,6.9679865711158016,2280,7546650,0,0,0.1,7865284
2022-12-22,S&P 500,Addition,Steel Dynamics,STLD,Materials,"NEW YORK, ",2022-12-19,XLB,-2.5940760745727665,-2.533934366135748,2.0761668043389845,-2.1704418601365005,-3.1216910272119427,-6.288082597397293,-5.053306639453054,6.367518108981673,33.560377219768064,na,^GSPC,na,na,1.6650270358682266,-0.2624968606443552,36650,2283270,0,0,0.34,1738896
2022-12-22,S&P MidCap 400,Addition,Super Micro Computer,SMCI,Information Technology,"NEW YORK, ",2022-12-19,XLK,-2.764607714430163,-3.4786531485094208,-10.572474690973053,-2.148951104256876,-4.565743411504765,-3.829300062125066,-5.261307430008706,-2.7369233248631786,49.66604060338176,na,^SP400,na,na,6.480061136571139,0.2071725608064435,2280,975910,0,0,0.0,759568
2021-12-28,S&P MidCap 400,Addition,Voya Financial,VOYA,Financials,"NEW YORK, ",2021-12-21,XLF,-0.9016101444430772,-4.919788133062887,4.712855326655453,-2.538965597732846,-7.807299904960523,-0.4130785972994266,-0.0805480239876993,-7.572327917523169,-4.425544991673084,na,^SP400,na,na,6.513838334517046,-0.4642767323337001,2280,1783210,0,0,0.365,1577022
2022-01-04,S&P MidCap 400,Addition,Calix,CALX,Information Technology,"NEW YORK, ",2021-12-28,XLK,5.760713718413793,5.075447669754287,14.864652515502414,5.68057791124154,-1.4628364497087245,4.553099143453652,13.533228825880093,-1.3519209345057166,51.72190996289573,na,^SP400,na,na,14.45694907209348,-5.307446898190714,2280,642077,0,0,0.0,522419
2023-01-05,S&P MidCap 400,Addition,Vornado Realty Trust,VNO,Real Estate,"NEW YORK, ",2022-12-28,XLRE,0.6831460042060119,-2.3102923149915244,-15.56332798862532,1.4574364965308864,-4.326133419664276,-2.495479999609081,0.8915967562641882,-12.173204353694834,-23.18512185931577,na,^SP400,na,na,1.6279633653903671,1.8726573366127344,2280,3035655,0,0,0.53,2997197
2023-01-05,S&P SmallCap 600,Addition,RXO,RXO,Industrials,"NEW YORK, ",2022-12-28,XLI,0.4980743106770502,-1.299652659334032,2.629482762527522,0.2679391569734133,-5.357583538802194,-6.5394319055081125,-1.0995741963823296,-11.674846691520123,-26.409088481556285,na,^SP600,na,na,8.46107365605299,1.9347017963210085,970,1316911,0,0,0.0,1292388
2022-02-15,S&P 500,Addition,Nordson,NDSN,Industrials,"NEW YORK, ",2022-02-10,XLI,-0.7538643560976381,-4.727449048606004,2.1713228707644223,0.3931304448932661,-2.9861123465378867,3.3242238469393546,-0.6765906023184857,-3.716683436240158,-3.3671450568154366,na,^GSPC,na,na,-5.823313467772723,2.185910549717585,36650,173290,0,0,0.51,167540
2022-02-15,S&P MidCap 400,Addition,PDC Energy,PDCE,Energy,"NEW YORK, ",2022-02-10,XLE,0.4398166392261479,13.090113127616338,41.39585981242639,2.2220779473252352,-2.8392731119167194,2.100120771553088,-2.0499268884876987,7.864544126476588,31.989308989972844,na,^SP400,na,na,-3.677439915372098,-1.1410115288048617,2280,1021660,0,0,0.62,928227
2022-02-15,S&P SmallCap 600,Addition,XPEL,XPEL,Consumer Discretionary,"NEW YORK, ",2022-02-10,XLY,2.817601737458993,-8.55200666205957,1.5715474579500168,1.2904904494202274,-5.744575397141614,-1.1904370667213542,-1.4393315654419456,-10.40621271558726,-29.691979599203577,na,^SP600,na,na,8.574881468613716,2.959367182594376,970,179330,0,0,0.0,176536
2022-02-18,S&P MidCap 400,Addition,Old National Bancorp,ONB,Financials,"NEW YORK, ",2022-02-15,XLF,-0.8888882930759904,-2.5255076731764987,4.137111823284267,0.5215753842258655,-5.236880092314308,-3.193007490373816,-0.958986635437513,-5.1530636469377535,8.677300233428067,na,^SP400,na,na,-2.168164202646565,0.0,2280,1729520,0,0,0.14,1433502
2022-02-18,S&P SmallCap 600,Addition,Urban Edge Properties,UE,Real Estate,"NEW YORK, ",2022-02-15,XLRE,-2.619715353039663,-7.221774302196981,1.935331796845798,1.2518841089007822,-5.748449852345419,-4.852601156585266,-0.2277836362166209,-10.383626483393297,-3.3990881722246424,na,^SP600,na,na,6.746714240238906,0.0,970,692420,0,0,0.15,669005
2022-02-18,S&P SmallCap 600,Addition,Corsair Gaming,CRSR,Information Technology,"NEW YORK, ",2022-02-15,XLK,-0.5504863872787427,-5.050450567265185,2.7854560175627348,1.2518841089007822,-5.748449852345419,-4.852601156585266,7.890669081002216,2.952757827169431,-24.17542602176576,na,^SP600,na,na,9.61895748509352,0.0,970,1268960,0,0,0.0,1219084
2021-07-07,S&P MidCap 400,Addition,Cerence,CRNC,Information Technology,"NEW YORK, ",2021-07-01,XLK,1.40282951965598,6.649090140379859,7.823861655537218,0.7217598627821724,-0.4647911342136676,7.021170179847341,-4.920089659430204,15.296682945200512,-18.20498916551737,na,^SP400,na,na,13.872779228437338,-1.8677178567310584,2280,592230,0,0,0.0,516275
2021-07-07,S&P SmallCap 600,Addition,Adtalem Global Education,ATGE,Consumer Discretionary,"NEW YORK, ",2021-07-01,XLY,0.8110406939946273,3.5979470040226,4.994320245104052,0.5101082734257094,0.9781778061648164,6.788146487388988,0.5030752132946789,-0.138848207139872,-12.633626778952472,na,^SP600,na,na,7.95639811510303,-1.964422351311863,970,363710,0,0,0.0,432882
2021-07-15,S&P SmallCap 600,Addition,Middlesex Water,MSEX,Utilities,"NEW YORK, ",2021-07-12,XLU,0.8123705079029651,-0.6399042619111613,6.983603832135762,-1.030995189206081,-2.164685747505961,5.3858009649188325,0.6842846209176199,-2.238015817987752,10.33846276094924,na,^SP600,na,na,13.668888229061215,4.464479271605096,970,72533,0,0,0.273,131385
2022-07-20,S&P MidCap 400,Addition,Coca-Cola Consolidated,COKE,Consumer Staples,"NEW YORK, ",2022-07-13,XLP,-1.1640602441682406,-1.5010367005210672,-3.498822065446881,-0.1500212148524197,-10.834123057822096,-11.81396131740491,-3.258455416125179,-10.609928239772426,0.8363431280757027,na,^SP400,na,na,-11.416736004115624,0.4110910497460316,2280,31000,0,0,0.25,43525
2022-07-20,S&P SmallCap 600,Addition,Green Brick Partners,GRBK,Consumer Discretionary,"NEW YORK, ",2022-07-13,XLY,-2.932328903187428,-9.350069381856416,-20.943488239832927,-1.7164229088810727,-11.37357045270752,-12.98258538668698,-1.4064661890932744,-12.919250439618198,-2.049364884866588,na,^SP600,na,na,8.747705275988174,2.69709381013144,970,364044,0,0,0.0,539955
2021-07-21,S&P 500,Addition,Moderna,MRNA,Health Care,"NEW YORK, ",2021-07-15,XLV,0.1956487731947887,3.963128512665276,12.563889021566624,1.109683417836679,3.321697196946314,11.574134660904338,14.374478101451771,13.867606510041131,63.58933920881387,na,^GSPC,na,na,10.34443148253399,0.7380728544367244,36650,6060066,0,0,0.0,9236620
2022-07-21,S&P SmallCap 600,Addition,Sunstone Hotel Investors,SHO,Real Estate,"NEW YORK, ",2022-07-18,XLRE,0.4378485377621177,3.7962556110839047,-7.53099767927791,0.475905827217706,-2.390103342171221,-12.24481389795589,3.8662434154226495,-6.928847220620813,-5.062095690927239,na,^SP600,na,na,8.191804955790861,-2.112033871988537,970,3240222,0,0,0.0,3812502
2022-07-26,S&P MidCap 400,Addition,Novanta,NOVT,Information Technology,"NEW YORK, ",2022-07-21,XLK,7.4288543748736,9.785596598579652,-11.293712125231432,5.060162891547307,3.872225141525128,-10.4534295123693,9.81128269957737,14.896029668653249,-3.315695944686948,na,^SP400,na,na,9.626756499334524,2.487254117081822,2280,127310,0,0,0.0,134451
2022-07-26,S&P SmallCap 600,Addition,Six Flags Entertainment,SIX,Consumer Discretionary,"NEW YORK, ",2022-07-21,XLY,8.24297515751437,11.27737337224959,-14.505729938847718,6.731104950611548,5.4051889041692665,-10.612673604152931,8.653851973234763,0.8478381764895832,-48.03403194012829,na,^SP600,na,na,0.1298086477913712,1.6439058155719677,970,2461170,0,0,0.0,2185105
2022-06-16,S&P SmallCap 600,Addition,National Vision Holdings,EYE,Consumer Discretionary,"NEW YORK, ",2022-06-13,XLY,-10.448229813319593,-9.857772596662803,-20.950724734464902,-6.218109442397885,-2.1272239581104024,-7.96376597981892,-8.661698712989939,-26.126907293770884,-30.55330614825221,na,^SP600,na,na,5.436931396691999,-1.1498629179992157,970,1215688,0,0,0.0,1060047
2022-07-05,S&P MidCap 400,Addition,Omnicell,OMCL,Health Care,"NEW YORK, ",2022-06-28,XLV,7.335214651726375,-0.0393999832871014,-0.3611222066514934,5.472216055916537,-2.814320838715044,-10.70645804768301,14.919838687554703,12.572619838142703,-17.93395431451322,na,^SP400,na,na,-3.988343860436837,-0.7628348363901265,2280,450700,0,0,0.0,462168
2022-07-05,S&P SmallCap 600,Addition,Stride,LRN,Consumer Discretionary,"NEW YORK, ",2022-06-28,XLY,5.286343962554437,5.021659108741823,-20.2356520054966,5.551532657839532,-0.8851029781778603,-9.125782967750514,7.286082581678529,3.5149887975752248,8.760381753668629,na,^SP600,na,na,9.298008798763451,2.4081461025308832,970,627811,0,0,0.0,533295
2022-07-05,S&P SmallCap 600,Addition,Sun Country Airlines,SNCY,Industrials,"NEW YORK, ",2022-06-28,XLI,3.085633302858793,-1.2655741006622838,-10.513013115137518,5.551532657839532,-0.8851029781778603,-9.125782967750514,-0.4512122152935154,-25.02124497842281,-36.738351756794586,na,^SP600,na,na,7.58376831758285,-1.5670654148110756,970,354000,0,0,0.0,485347
2022-07-06,S&P MidCap 400,Addition,Southwestern Energy,SWN,Energy,"NEW YORK, ",2022-06-28,XLE,1.112444074816061,-8.089155076833043,10.702497549623184,5.472216055916537,-2.814320838715044,-10.70645804768301,6.340058409115972,-2.509908228691096,60.43478842268381,na,^SP400,na,na,-8.887377790257641,6.820121244287304,2280,59673500,0,0,0.0,36549244
2022-07-06,S&P SmallCap 600,Addition,Frontdoor,FTDR,Consumer Discretionary,"NEW YORK, ",2022-06-28,XLY,5.286343962554437,5.021659108741823,-20.23564542648255,5.551532657839532,-0.8851029781778603,-9.125782967750514,7.324082007410994,-12.660693378810508,-38.202864303601125,na,^SP600,na,na,8.13376056335479,2.980806651934884,970,2295588,0,0,0.0,1106211
2022-07-07,S&P MidCap 400,Addition,Ormat Technologies,ORA,Utilities,"NEW YORK, ",2022-06-28,XLU,8.082989242721458,-3.273880873739768,3.1585926298333886,5.472216055916537,-2.814320838715044,-10.70645804768301,-0.1213330747498785,-4.8536122065615,10.899144038568233,na,^SP400,na,na,5.870946818198145,1.4535246528275307,2280,989955,0,0,0.24,433926
2021-06-09,S&P MidCap 400,Addition,Targa Resources,TRGP,Energy,"NEW YORK, ",2021-06-03,XLE,5.202773665503629,8.20382118815054,27.86647546700276,0.7250734483197468,-1.2043702214240215,11.985141227482115,6.710529195057255,16.556468705893472,32.16737285704587,na,^SP400,na,na,12.333095412536972,2.9867222374650697,2280,1555800,0,0,0.2,1734401
2021-06-09,S&P MidCap 400,Addition,Envestnet,ENV,Information Technology,"NEW YORK, ",2021-06-03,XLK,-0.7002696035923043,-3.750594163688734,5.868181128053212,0.7250734483197468,-1.2043702214240215,11.985141227482115,1.6446954234881943,-4.080807478644279,-15.300091022715655,na,^SP400,na,na,10.93094715508584,1.3810765641966745,2280,386755,0,0,0.0,505509
2021-06-10,S&P SmallCap 600,Addition,SelectQuote,SLQT,Financials,"NEW YORK, ",2021-06-07,XLF,0.4169920559449153,5.359586802466422,24.43977033838819,0.7702834698928942,2.4158414733695697,13.765099032330754,-3.135714818388822,-37.357411938177485,-16.75789280941612,na,^SP600,na,na,11.145196138535532,2.09042446064779,970,916177,0,0,0.0,1909535
2021-06-15,S&P SmallCap 600,Addition,Apollo Medical,AMEH,Health Care,"NEW YORK, ",2021-06-10,XLV,2.274978556392997,1.0379193620723757,4.823906695777912,1.2469967843464935,3.82517810374308,14.08810240314684,22.02330293391316,40.83305657281164,90.16828508324124,na,^SP600,na,na,20.07462572553975,4.415536563531479,970,189000,0,0,0.0,95005
2021-06-22,S&P SmallCap 600,Addition,Two Harbors Investment,TWO,Financials,"NEW YORK, ",2021-06-16,XLF,-2.2386044455057217,-0.6689683831107014,26.516870390493715,-1.9475335391014128,4.088337929612282,12.150536318885868,-2.9909034838963,8.272857072158407,19.669653008457463,na,^SP600,na,na,2.9999987284342446,-3.213847020740353,970,681715,0,0,0.68,925860
2022-04-04,S&P 500,Addition,Camden Property Trust,CPT,Real Estate,"NEW YORK, ",2022-03-29,XLRE,2.5591750709206624,8.442760556572566,0.9722168040259804,2.9929910429875632,6.23438319156964,-2.217645901933188,,,,na,^GSPC,na,na,-1.00391128367534,0.5681185573084572,36650,1144830,0,0,0.83,808094
2022-04-04,S&P MidCap 400,Addition,Matador Resources,MTDR,Energy,"NEW YORK, ",2022-03-29,XLE,-0.9629235334995376,8.113204944642808,30.444513143352108,0.7635998540108844,3.211789945708297,-6.547426211571194,-1.5429711396006016,16.356820835606868,19.75922421027534,na,^SP400,na,na,-2.9157716100431994,-3.509091463955966,2280,1415850,0,0,0.1,1639450
2022-04-04,S&P SmallCap 600,Addition,Vir Biotechnology,VIR,Health Care,"NEW YORK, ",2022-03-29,XLV,1.3177070097460943,9.264684877436682,4.245065453512156,-0.3733042232230601,2.5477135293224547,-9.241269519216814,-14.576807029685728,-26.10169750148967,-33.1903201855465,na,^SP600,na,na,14.506849583167147,-11.488353162957075,970,1316080,0,0,0.0,1561986
2022-04-06,S&P SmallCap 600,Addition,PROG Holdings,PRG,Financials,"NEW YORK, ",2022-03-30,XLF,0.7910330949770795,0.8765028103594966,-0.3388470992411403,1.8330330638387904,5.659830105691191,-7.0016551013666986,-1.3541012643254533,-4.207760300576073,-37.73504302416163,na,^SP600,na,na,3.864209729819835,0.0,970,860250,0,0,0.0,798275
2021-05-07,S&P MidCap 400,Addition,R1 RCM,RCM,Health Care,"NEW YORK, ",2021-05-03,XLV,-1.310574595983418,4.667523181808986,9.23141973292492,-0.7488066433182162,3.753177391759077,20.951124416466985,4.859287410246363,15.618533746852618,28.482757217582616,na,^SP400,na,na,-12.500005259233214,0.0,2280,491680,0,0,0.0,939090
2021-05-07,S&P SmallCap 600,Addition,The Bancorp,TBBK,Financials,"NEW YORK, ",2021-05-03,XLF,2.9850881509415483,7.907931974807112,28.04823323879437,-0.129937967192691,1.9889023473382503,23.739048543390112,1.315784918930763,4.737336976261918,61.22743183156831,na,^SP600,na,na,11.216860736756072,0.0,970,323630,0,0,0.0,440474
2021-05-14,S&P 500,Addition,Charles River Laboratories Intl,CRL,Health Care,"NEW YORK, ",2021-05-10,XLV,2.0739334954334687,6.445537135818528,12.701519937428753,0.8661791984438291,4.804882473691785,14.76570742288138,1.4801822219534655,15.386689810716694,39.6310326197805,na,^GSPC,na,na,-3.643796312641225,0.0,36650,390880,0,0,0.0,319569
2021-05-14,S&P MidCap 400,Addition,National Storage Affiliates Trust,NSA,Real Estate,"NEW YORK, ",2021-05-10,XLRE,-0.6764587695405221,5.474355180349506,21.03899691569916,1.6556930372415364,4.628908014922978,22.045309930057776,0.9012877013100798,13.501468403756714,34.582762683601786,na,^SP400,na,na,-4.546452089737022,0.0,2280,479850,0,0,0.35,423717
2021-05-14,S&P SmallCap 600,Addition,Ellington Financial,EFC,Financials,"NEW YORK, ",2021-05-10,XLF,3.8556184392349153,9.012649322213685,33.06013214615287,1.6699414509360793,2.190435858641333,25.230365701869847,0.717426446062366,9.082098178344689,27.508834690552906,na,^SP600,na,na,5.204243727763833,0.0,970,552660,0,0,0.54,324552
2021-05-17,S&P MidCap 400,Addition,Aspen Technology,AZPN,Information Technology,"NEW YORK, ",2021-05-10,XLK,-1.4880706990531352,1.5337275441252758,9.753860802883946,1.6556930372415364,4.628908014922978,22.045309930057776,-5.128785335656368,-18.745128909644045,-2.673501873758452,na,^SP400,na,na,7.312881261307438,-1.892383299053294,2280,706690,0,0,0.0,412176
2021-05-17,S&P SmallCap 600,Addition,Avanos Medical,AVNS,Health Care,"NEW YORK, ",2021-05-10,XLV,2.073946451404721,6.445550966218153,12.701527045853782,1.6699414509360793,2.190435858641333,25.230365701869847,-6.106519200073072,-8.86809146059468,-12.81176367742998,na,^SP600,na,na,4.609119817143212,0.402515339401533,970,265970,0,0,0.0,239470
2021-05-27,S&P SmallCap 600,Addition,The Joint,JYNT,Health Care,"NEW YORK, ",2021-05-24,XLV,1.370521369370345,3.092788227259464,10.145660651653396,-0.2930959725776372,0.0958545362061757,19.86546479771548,10.318725550697517,5.205170422182059,107.02804137613172,na,^SP600,na,na,17.317568706205392,1.892472680751568,970,126020,0,0,0.0,149830
2021-06-02,S&P MidCap 400,Addition,Crocs,CROX,Consumer Discretionary,"NEW YORK, ",2021-05-26,XLY,3.144164967774897,-1.931967043587536,6.873912348324369,-0.2750422772012366,0.6108527898241248,15.804383591495071,4.082246559081742,38.61874939487671,60.08947413085577,na,^SP400,na,na,-5.295981303155092,1.0298004831644918,2280,1037870,0,0,0.0,1236962
2021-06-02,S&P SmallCap 600,Addition,Organogenesis Holdings,ORGO,Health Care,"NEW YORK, ",2021-05-26,XLV,1.322880311883693,1.4056926181614915,10.991846485199844,0.790638812924062,2.777247946506777,12.95505704553218,2.682460258316629,-19.82465399925843,123.03521448819932,na,^SP600,na,na,7.387384807309098,-0.3656274619152105,970,900460,0,0,0.0,832516
2021-06-04,S&P SmallCap 600,Addition,Service Properties Trust,SVC,Real Estate,"NEW YORK, ",2021-05-27,XLRE,3.204223604793072,2.4448203350181603,23.662258483679896,2.528256872860016,2.422311912088169,14.987886967468851,2.499987816489188,-8.887380570732075,-7.046770536584502,na,^SP600,na,na,8.369286059174215,0.0,970,990990,0,0,0.02,979881
2021-11-05,S&P SmallCap 600,Addition,NetScout Systems,NTCT,Information Technology,"NEW YORK, ",2021-11-01,XLK,1.5848148855561346,3.9513686895525577,14.07413179198653,-0.1511477909522143,2.425168935103455,-1.229759122831209,0.2591621408035678,-1.2759765861310792,-12.785827410314376,na,^SP600,na,na,13.048085350476988,0.0,970,312190,0,0,0.0,345632
2021-11-24,S&P SmallCap 600,Addition,Thryv Holdings,THRY,Communication Services,"NEW YORK, ",2021-11-17,XLC,0.1362381250942568,1.6599663332440355,-0.0884501087250882,-0.1665138874355414,7.540701065869383,6.477324511053246,10.24603193083316,20.0406978658198,0.4825489237908368,na,^SP600,na,na,2.650796618550097,0.0,970,328200,0,0,0.0,203769
2021-11-30,S&P MidCap 400,Addition,SiTime,SITM,Information Technology,"NEW YORK, ",2021-11-22,XLK,2.381222896441726,10.926229261248706,14.717320958109392,-1.0843525523307511,4.455147950755777,5.947434400222951,13.020905465703866,30.355862454251128,137.63345175664023,na,^SP400,na,na,11.066148785272516,1.32774231519803,2280,563420,0,0,0.0,212052
2021-11-30,S&P SmallCap 600,Addition,Emergent BioSolutions,EBS,Health Care,"NEW YORK, ",2021-11-22,XLV,-0.715762070671811,4.512989755438274,4.471250433145297,-2.0212128599970662,4.948537498592058,4.309437067410476,7.339442269870367,-20.677970949274645,-37.02706991868662,na,^SP600,na,na,6.897416788744318,-1.1999067268911554,970,934420,0,0,0.0,529416
2022-12-01,S&P MidCap 400,Addition,Nexstar Media Group,NXST,Communication Services,"NEW YORK, ",2022-11-28,XLC,0.5034252822205891,-0.7556205864906691,-10.71846222991416,1.948920313432923,10.697562152009777,10.307326660085096,0.9263554896979066,-6.392522418200653,3.9671112735915055,na,^SP400,na,na,7.400617501108924,0.0,2280,341255,0,1,1.8,347054
2022-12-01,S&P MidCap 400,Addition,PBF Energy,PBF,Energy,"NEW YORK, ",2022-11-28,XLE,-0.0223133111292574,3.153779712979742,29.313624938397385,1.948920313432923,10.697562152009777,10.307326660085096,-1.4573934816859249,1.501158284831028,56.4056945419896,na,^SP400,na,na,-3.012613089026411,-7.1953383956274894,2280,1943311,0,0,0.2,2552251
2022-12-01,S&P SmallCap 600,Addition,Sabre Corporation,SABR,Information Technology,"NEW YORK, ",2022-11-28,XLK,0.5710386226024379,5.782010021290869,0.5361185030478083,0.9000818566943909,8.35905545268627,7.584578297446662,5.61122690684226,-7.867129821171887,-21.693908380522853,na,^SP600,na,na,6.066175004319145,0.0,970,5065922,0,0,0.0,5707312
2022-12-01,S&P SmallCap 600,Addition,Nu Skin Enterprises,NUS,Consumer Staples,"NEW YORK, ",2022-11-28,XLP,1.5370236080940418,9.46685877189378,5.0188034299145,0.9000818566943909,8.35905545268627,7.584578297446662,2.172499377726856,5.9803454540776375,-6.661857469411781,na,^SP600,na,na,6.179628047462964,3.280294253711649,970,415355,0,0,0.77,460395
2022-10-12,S&P 500,Addition,Targa Resources,TRGP,Energy,"NEW YORK, ",2022-10-06,XLE,11.474941929513086,2.403145100021425,2.8383528763392847,2.30430513376612,-4.185199660201406,-3.258015627003719,8.479619706225797,-3.092168147846138,-4.239768218106985,na,^GSPC,na,na,-1.764383546183204,5.492987690316967,36650,2039360,0,0,0.35,1968586
2022-10-12,S&P MidCap 400,Addition,Lantheus Holdings,LNTH,Health Care,"NEW YORK, ",2022-10-06,XLV,2.389242760276076,1.897811438568828,0.4252569013078962,3.4435749369813,-3.5811709691339693,-2.1576313564914056,13.509970082200642,0.4121052009478331,24.314412792081,na,^SP400,na,na,-12.431420444550804,4.754874723361223,2280,918020,0,0,0.0,1115890
2022-10-12,S&P SmallCap 600,Addition,Payoneer Global,PAYO,Information Technology,"NEW YORK, ",2022-10-06,XLK,3.345306131190586,-5.20179000580572,-2.9926928934006254,3.577459338688324,-4.646424435324679,-4.369622728210807,16.326530943243892,4.747319032454354,47.73218106958589,na,^SP600,na,na,1.5558649788744958,4.087189477672328,970,2812070,0,0,0.0,3635305
2022-10-18,S&P MidCap 400,Addition,Westlake,WLK,Materials,"NEW YORK, ",2022-10-13,XLB,-5.894704333038574,-10.369809388511229,-19.3625955498765,-3.888237277370453,-7.3671236435600305,-7.158692006089027,-4.930204604580786,-10.967005598715524,-32.05321328963311,na,^SP400,na,na,2.2094565556451493,-2.0857710535400487,2280,735880,0,0,0.357,808744
2022-10-18,S&P SmallCap 600,Addition,MillerKnoll,MLKN,Industrials,"NEW YORK, ",2022-10-13,XLI,-5.184252059904252,-10.698793429822542,-9.628109004085134,-4.296894143608899,-7.3676782764989746,-10.537309290845757,-8.182314738990689,-36.3290206868881,-41.94444529068325,na,^SP600,na,na,4.000001795151654,-1.151942346384146,970,1454630,0,0,0.376,615982
2022-10-20,S&P MidCap 400,Addition,Antero Resources Corp,AR,Energy,"NEW YORK, ",2022-10-17,XLE,-0.7062857300010447,0.7936261141681679,-7.3748091425412765,-0.9563733867977372,-10.12149808644692,-11.600341626146225,3.1755753145873094,-16.56789897400656,-25.736261724115728,na,^SP400,na,na,5.6489587452324725,-4.276935111626407,2280,6477740,0,0,0.0,7470528
2021-10-22,S&P MidCap 400,Addition,Kite Realty Group Trust,KRG,Real Estate,"NEW YORK, ",2021-10-18,XLRE,3.206282844047482,-2.201833648096873,7.146680689628663,2.1581900077329075,2.298503993129061,0.7640897082368013,0.0,8.786088781663077,3.728257768232401,na,^SP400,na,na,-2.8194585645202097,0.0,2280,527120,0,0,0.36,677947
2021-10-22,S&P SmallCap 600,Addition,Harmony Biosciences,HRMY,Health Care,"NEW YORK, ",2021-10-18,XLV,0.4573072739467776,-4.504491004253956,3.72355670746286,0.0566007736037249,2.1392669625713925,-0.9906676136351024,8.455778383325574,6.88524743941041,21.566185708185856,na,^SP600,na,na,10.23415779037791,0.0,970,313570,0,0,0.0,331120
2021-10-22,S&P SmallCap 600,Addition,LendingTree,TREE,Financials,"NEW YORK, ",2021-10-18,XLF,0.8182123706501023,4.625395565489282,3.616307330924037,0.0566007736037249,2.1392669625713925,-0.9906676136351024,12.599348323509671,-2.0047427047490376,-25.728155339805824,na,^SP600,na,na,0.8337637556494181,0.0,970,309560,0,0,0.0,238611
2021-10-29,S&P SmallCap 600,Addition,Avid Bioservices,CDMO,Health Care,"NEW YORK, ",2021-10-25,XLV,3.3906125863428294,0.5342116278755185,8.432099781778337,1.5809478441098546,4.976535028232199,-0.1941695219669195,0.5428436784744288,26.364521085404043,8.81242294667676,na,^SP600,na,na,13.9038452735314,0.0,970,519310,0,0,0.0,568372
2022-11-01,S&P 500,Addition,Arch Capital Group,ACGL,Financials,"NEW YORK, ",2022-10-27,XLF,5.263156999383309,3.855723033240153,-2.386721997071589,3.9478969016532974,1.3835233160822429,-6.508599400084212,3.688261265180591,11.369735858683397,6.302065502449238,na,^GSPC,na,na,9.65370828214414,1.3883888757207927,36650,1866080,0,0,0.0,1677919
2022-11-02,S&P SmallCap 600,Addition,Bread Financial Holdings,BFH,Financials,"NEW YORK, ",2022-10-27,XLF,5.263156999383309,3.855723033240153,-2.386710776953384,5.206158178872313,4.124406628213481,-5.257007102972675,11.50000615914803,-3.685574165854319,-38.08994721695835,na,^SP600,na,na,7.182159368401888,-3.50184039483248,970,830180,0,0,0.21,912043
2022-09-15,S&P SmallCap 600,Addition,Catalyst Pharmaceuticals,CPRX,Health Care,"NEW YORK, ",2022-09-12,XLV,4.399104634516564,-0.5314960437248357,-1.2957497196203442,2.9498917723035274,-3.4942170284883174,-4.499627041178429,7.246376711439372,30.85764493045388,85.92964974633581,na,^SP600,na,na,0.8580865855726635,-1.6886897516070498,970,2725988,0,0,0.0,1857442
2021-10-04,S&P SmallCap 600,Addition,OptimizeRx,OPRX,Health Care,"NEW YORK, ",2021-09-29,XLV,-2.5049361728841344,-4.911400445945303,5.862349892056415,3.198650971970448,0.3673378577037316,1.456041832792634,1.6435738105549489,16.159583914933553,72.45909860258467,na,^SP600,na,na,14.08751025556131,-1.6169309243640464,970,267080,0,0,0.0,160764
2021-10-05,S&P MidCap 400,Addition,SunPower,SPWR,Information Technology,"NEW YORK, ",2021-09-30,XLK,-2.6073540230578347,-3.651791077205215,14.368277979185573,0.6118811144834823,-2.171153236968053,2.0149194268113946,-1.155043208521332,3.874882916665516,2.9615889475813657,na,^SP400,na,na,9.69589600621044,5.158730425708772,2280,2874470,0,0,0.0,3323602
